{
  "project_info": {
    "project_number": "548050815272",
    "project_id": "fir-a89b9",
    "storage_bucket": "fir-a89b9.appspot.com"
  },
  "client": [
    {
      "client_info": {
        "mobilesdk_app_id": "1:548050815272:android:52e85cb8abea252b56a81d",
        "android_client_info": {
          "package_name": "com.example.firebase"
        }
      },
      "oauth_client": [],
      "api_key": [
        {
          "current_key": "AIzaSyCF4xariOk3Tw_fDumRj6LoEcf43yO4TBE"
        }
      ],
      "services": {
        "appinvite_service": {
          "other_platform_oauth_client": []
        }
      }
    }
  ],
  "configuration_version": "1"
}